glytoucan_id,recovery_method,candidate_id,assumption_tags,status,failure_reason,file_path
G00002CF,,,,FAILED,no_structure_generated,
G00002XH,,,,FAILED,no_structure_generated,
G00003VQ,,,,FAILED,no_structure_generated,
G00009BX,original,,,RECOVERED,,data/raw/glycoshape/structures/G00009BX/G00009BX.pdb
G00010XO,,,,FAILED,no_structure_generated,
G00012MO,original,,,RECOVERED,,data/raw/glycoshape/structures/G00012MO/G00012MO.pdb
G00012RZ,,,,FAILED,no_structure_generated,
G00013MO,original,,,RECOVERED,,data/raw/glycoshape/structures/G00013MO/G00013MO.pdb
G00014MO,original,,,RECOVERED,,data/raw/glycoshape/structures/G00014MO/G00014MO.pdb
G00015MO,original,,,RECOVERED,,data/raw/glycoshape/structures/G00015MO/G00015MO.pdb
G00016MO,original,,,RECOVERED,,data/raw/glycoshape/structures/G00016MO/G00016MO.pdb
G00017MO,original,,,RECOVERED,,data/raw/glycoshape/structures/G00017MO/G00017MO.pdb
G00018MO,,,,FAILED,no_structure_generated,
G00019BE,,,,FAILED,no_structure_generated,
G00019MO,,,,FAILED,no_structure_generated,
G00019RN,original,,,RECOVERED,,data/raw/glycoshape/structures/G00019RN/G00019RN.pdb
G00019UX,direct_generation,,glycoct_parsed,RECOVERED,,data/raw/glycoshape/direct_generation/G00019UX.pdb
G00020KY,,,,FAILED,no_structure_generated,
G00020MO,,,,FAILED,no_structure_generated,
G00021MO,,,,FAILED,no_structure_generated,
G00021YS,,,,FAILED,no_structure_generated,
G00022MO,,,,FAILED,no_structure_generated,
G00023LR,,,,FAILED,no_structure_generated,
G00023MO,,,,FAILED,no_structure_generated,
G00024MO,original,,,RECOVERED,,data/raw/glycoshape/structures/G00024MO/G00024MO.pdb
G00025AJ,original,,,RECOVERED,,data/raw/glycoshape/structures/G00025AJ/G00025AJ.pdb
G00025LQ,,,,FAILED,no_structure_generated,
G00025YC,,,,FAILED,no_structure_generated,
G00026KW,,,,FAILED,no_structure_generated,
G00027JG,library_mirror,,wurcs_match_G87249CK,RECOVERED,,data/raw/glycoshape/structures/G00027JG/G00027JG.pdb
G00028MO,original,,,RECOVERED,,data/raw/glycoshape/structures/G00028MO/G00028MO.pdb
G00029MO,original,,,RECOVERED,,data/raw/glycoshape/structures/G00029MO/G00029MO.pdb
G00029YH,,,,FAILED,no_structure_generated,
G00030MO,original,,,RECOVERED,,data/raw/glycoshape/structures/G00030MO/G00030MO.pdb
G00030VN,original,,,RECOVERED,,data/raw/glycoshape/structures/G00030VN/G00030VN.pdb
G00031MO,original,,,RECOVERED,,data/raw/glycoshape/structures/G00031MO/G00031MO.pdb
G00032AL,,,,FAILED,no_structure_generated,
G00032MO,original,,,RECOVERED,,data/raw/glycoshape/structures/G00032MO/G00032MO.pdb
G00033MO,original,,,RECOVERED,,data/raw/glycoshape/structures/G00033MO/G00033MO.pdb
G00034MO,original,,,RECOVERED,,data/raw/glycoshape/structures/G00034MO/G00034MO.pdb
G00034ND,,,,FAILED,no_structure_generated,
G00034XP,,,,FAILED,no_structure_generated,
G00035MO,original,,,RECOVERED,,data/raw/glycoshape/structures/G00035MO/G00035MO.pdb
G00035VF,,,,FAILED,no_structure_generated,
G00036MO,original,,,RECOVERED,,data/raw/glycoshape/structures/G00036MO/G00036MO.pdb
G00037EO,,,,FAILED,no_structure_generated,
G00037MO,original,,,RECOVERED,,data/raw/glycoshape/structures/G00037MO/G00037MO.pdb
G00038MO,original,,,RECOVERED,,data/raw/glycoshape/structures/G00038MO/G00038MO.pdb
G00039MO,original,,,RECOVERED,,data/raw/glycoshape/structures/G00039MO/G00039MO.pdb
G00040MO,original,,,RECOVERED,,data/raw/glycoshape/structures/G00040MO/G00040MO.pdb
G00041IL,original,,,RECOVERED,,data/raw/glycoshape/structures/G00041IL/G00041IL.pdb
G00041MO,original,,,RECOVERED,,data/raw/glycoshape/structures/G00041MO/G00041MO.pdb
G00042MO,original,,,RECOVERED,,data/raw/glycoshape/structures/G00042MO/G00042MO.pdb
G00043MO,original,,,RECOVERED,,data/raw/glycoshape/structures/G00043MO/G00043MO.pdb
G00043OJ,,,,FAILED,no_structure_generated,
G00043UT,,,,FAILED,no_structure_generated,
G00044MO,original,,,RECOVERED,,data/raw/glycoshape/structures/G00044MO/G00044MO.pdb
G00046HK,,,,FAILED,no_structure_generated,
G00046MO,original,,,RECOVERED,,data/raw/glycoshape/structures/G00046MO/G00046MO.pdb
G00047MO,original,,,RECOVERED,,data/raw/glycoshape/structures/G00047MO/G00047MO.pdb
G00047ZG,original,,,RECOVERED,,data/raw/glycoshape/structures/G00047ZG/G00047ZG.pdb
G00048MO,original,,,RECOVERED,,data/raw/glycoshape/structures/G00048MO/G00048MO.pdb
G00048ZA,,,,FAILED,no_structure_generated,
G00050MO,original,,,RECOVERED,,data/raw/glycoshape/structures/G00050MO/G00050MO.pdb
G00050XR,,,,FAILED,no_structure_generated,
G00051MO,original,,,RECOVERED,,data/raw/glycoshape/structures/G00051MO/G00051MO.pdb
G00052MO,original,,,RECOVERED,,data/raw/glycoshape/structures/G00052MO/G00052MO.pdb
G00053MO,original,,,RECOVERED,,data/raw/glycoshape/structures/G00053MO/G00053MO.pdb
G00054MO,original,,,RECOVERED,,data/raw/glycoshape/structures/G00054MO/G00054MO.pdb
G00054MV,,,,FAILED,no_structure_generated,
G00055MO,original,,,RECOVERED,,data/raw/glycoshape/structures/G00055MO/G00055MO.pdb
G00056HH,,,,FAILED,no_structure_generated,
G00056MO,original,,,RECOVERED,,data/raw/glycoshape/structures/G00056MO/G00056MO.pdb
G00056UI,,,,FAILED,no_structure_generated,
G00057MO,original,,,RECOVERED,,data/raw/glycoshape/structures/G00057MO/G00057MO.pdb
G00059MO,original,,,RECOVERED,,data/raw/glycoshape/structures/G00059MO/G00059MO.pdb
G00062HV,library_mirror,,wurcs_match_G23706QF,RECOVERED,,data/raw/glycoshape/structures/G00062HV/G00062HV.pdb
G00062LT,,,,FAILED,no_structure_generated,
G00062MO,original,,,RECOVERED,,data/raw/glycoshape/structures/G00062MO/G00062MO.pdb
G00063MO,original,,,RECOVERED,,data/raw/glycoshape/structures/G00063MO/G00063MO.pdb
G00064AV,,,,FAILED,no_structure_generated,
G00064MF,,,,FAILED,no_structure_generated,
G00065MO,original,,,RECOVERED,,data/raw/glycoshape/structures/G00065MO/G00065MO.pdb
G00066CT,original,,,RECOVERED,,data/raw/glycoshape/structures/G00066CT/G00066CT.pdb
G00066MO,original,,,RECOVERED,,data/raw/glycoshape/structures/G00066MO/G00066MO.pdb
G00066RE,,,,FAILED,no_structure_generated,
G00067MO,original,,,RECOVERED,,data/raw/glycoshape/structures/G00067MO/G00067MO.pdb
G00068DI,,,,FAILED,no_structure_generated,
G00068MO,original,,,RECOVERED,,data/raw/glycoshape/structures/G00068MO/G00068MO.pdb
G00068PW,,,,FAILED,no_structure_generated,
G00068TA,,,,FAILED,no_structure_generated,
G00073OM,,,,FAILED,no_structure_generated,
G00076PK,original,,,RECOVERED,,data/raw/glycoshape/structures/G00076PK/G00076PK.pdb
G00079FZ,,,,FAILED,no_structure_generated,
G00087ZB,original,,,RECOVERED,,data/raw/glycoshape/structures/G00087ZB/G00087ZB.pdb
G00088UC,,,,FAILED,no_structure_generated,
G00089VH,original,,,RECOVERED,,data/raw/glycoshape/structures/G00089VH/G00089VH.pdb
G00090SL,library_mirror,,wurcs_match_G00454PR,RECOVERED,,data/raw/glycoshape/structures/G00090SL/G00090SL.pdb
G00094SE,original,,,RECOVERED,,data/raw/glycoshape/structures/G00094SE/G00094SE.pdb
G00094WA,,,,FAILED,no_structure_generated,
G00100EG,library_mirror,,wurcs_match_G24678II,RECOVERED,,data/raw/glycoshape/structures/G00100EG/G00100EG.pdb
G00100QF,original,,,RECOVERED,,data/raw/glycoshape/structures/G00100QF/G00100QF.pdb
G00101DG,library_mirror,,wurcs_match_G01706RV,RECOVERED,,data/raw/glycoshape/structures/G00101DG/G00101DG.pdb
G00104PH,,,,FAILED,no_structure_generated,
G00105XF,,,,FAILED,no_structure_generated,
G00106LE,,,,FAILED,no_structure_generated,
G00108FS,,,,FAILED,no_structure_generated,
G00108ZJ,original,,,RECOVERED,,data/raw/glycoshape/structures/G00108ZJ/G00108ZJ.pdb
G00109NL,,,,FAILED,no_structure_generated,
G00112BX,original,,,RECOVERED,,data/raw/glycoshape/structures/G00112BX/G00112BX.pdb
G00112DD,library_mirror,,wurcs_match_G16794FO,RECOVERED,,data/raw/glycoshape/structures/G00112DD/G00112DD.pdb
G00116DX,original,,,RECOVERED,,data/raw/glycoshape/structures/G00116DX/G00116DX.pdb
G00116ZU,original,,,RECOVERED,,data/raw/glycoshape/structures/G00116ZU/G00116ZU.pdb
G00117WU,,,,FAILED,no_structure_generated,
G00121QU,,,,FAILED,no_structure_generated,
G00122SS,,,,FAILED,no_structure_generated,
G00123IP,original,,,RECOVERED,,data/raw/glycoshape/structures/G00123IP/G00123IP.pdb
G00123JF,library_mirror,,wurcs_match_G75592IR,RECOVERED,,data/raw/glycoshape/structures/G00123JF/G00123JF.pdb
G00128WV,library_mirror,,wurcs_match_G73700KU,RECOVERED,,data/raw/glycoshape/structures/G00128WV/G00128WV.pdb
G00133EM,,,,FAILED,no_structure_generated,
G00133UK,original,,,RECOVERED,,data/raw/glycoshape/structures/G00133UK/G00133UK.pdb
G00134YK,original,,,RECOVERED,,data/raw/glycoshape/structures/G00134YK/G00134YK.pdb
G00140XB,original,,,RECOVERED,,data/raw/glycoshape/structures/G00140XB/G00140XB.pdb
G00140YZ,,,,FAILED,no_structure_generated,
G00141ZD,original,,,RECOVERED,,data/raw/glycoshape/structures/G00141ZD/G00141ZD.pdb
G00142DY,original,,,RECOVERED,,data/raw/glycoshape/structures/G00142DY/G00142DY.pdb
G00147XT,,,,FAILED,no_structure_generated,
G00149XH,original,,,RECOVERED,,data/raw/glycoshape/structures/G00149XH/G00149XH.pdb
G00150AH,ambiguity_expansion,r1,anomer_a;position_3,RECOVERED,,data/raw/glycoshape/ambiguity_expansion/G00150AH/r1.pdb
G00153LJ,original,,,RECOVERED,,data/raw/glycoshape/structures/G00153LJ/G00153LJ.pdb
G00155DW,,,,FAILED,no_structure_generated,
G00155YT,,,,FAILED,no_structure_generated,
G00157WT,original,,,RECOVERED,,data/raw/glycoshape/structures/G00157WT/G00157WT.pdb
G00158II,library_mirror,,wurcs_match_G67710XV,RECOVERED,,data/raw/glycoshape/structures/G00158II/G00158II.pdb
G00160FW,,,,FAILED,no_structure_generated,
G00167VE,,,,FAILED,no_structure_generated,
G00171RJ,,,,FAILED,no_structure_generated,
G00176HZ,original,,,RECOVERED,,data/raw/glycoshape/structures/G00176HZ/G00176HZ.pdb
G00180JU,original,,,RECOVERED,,data/raw/glycoshape/structures/G00180JU/G00180JU.pdb
G00186QQ,original,,,RECOVERED,,data/raw/glycoshape/structures/G00186QQ/G00186QQ.pdb
G00194ZL,,,,FAILED,no_structure_generated,
G00199RL,original,,,RECOVERED,,data/raw/glycoshape/structures/G00199RL/G00199RL.pdb
G00200HU,library_mirror,,wurcs_match_G55560AP,RECOVERED,,data/raw/glycoshape/structures/G00200HU/G00200HU.pdb
G00201PO,original,,,RECOVERED,,data/raw/glycoshape/structures/G00201PO/G00201PO.pdb
G00202PK,original,,,RECOVERED,,data/raw/glycoshape/structures/G00202PK/G00202PK.pdb
G00215PP,,,,FAILED,no_structure_generated,
G00219DO,,,,FAILED,no_structure_generated,
G00219VH,original,,,RECOVERED,,data/raw/glycoshape/structures/G00219VH/G00219VH.pdb
G00220EK,,,,FAILED,no_structure_generated,
G00221ZR,original,,,RECOVERED,,data/raw/glycoshape/structures/G00221ZR/G00221ZR.pdb
G00224JQ,original,,,RECOVERED,,data/raw/glycoshape/structures/G00224JQ/G00224JQ.pdb
G00227RN,,,,FAILED,no_structure_generated,
G00229BZ,,,,FAILED,no_structure_generated,
G00230CO,library_mirror,,wurcs_match_G84851OD,RECOVERED,,data/raw/glycoshape/structures/G00230CO/G00230CO.pdb
G00231IQ,,,,FAILED,no_structure_generated,
G00231WL,,,,FAILED,no_structure_generated,
G00232RE,,,,FAILED,no_structure_generated,
G00233JP,,,,FAILED,no_structure_generated,
G00241FG,,,,FAILED,no_structure_generated,
G00243IM,,,,FAILED,no_structure_generated,
G00247LX,,,,FAILED,no_structure_generated,
G00247PL,original,,,RECOVERED,,data/raw/glycoshape/structures/G00247PL/G00247PL.pdb
G00255RE,original,,,RECOVERED,,data/raw/glycoshape/structures/G00255RE/G00255RE.pdb
G00264HB,,,,FAILED,no_structure_generated,
G00267SC,,,,FAILED,no_structure_generated,
G00270EV,,,,FAILED,no_structure_generated,
G00278WV,library_mirror,,wurcs_match_G25623VL,RECOVERED,,data/raw/glycoshape/structures/G00278WV/G00278WV.pdb
G00280XS,,,,FAILED,no_structure_generated,
G00281IK,,,,FAILED,no_structure_generated,
G00283TT,library_mirror,,wurcs_match_G49708ZB,RECOVERED,,data/raw/glycoshape/structures/G00283TT/G00283TT.pdb
G00284RD,,,,FAILED,no_structure_generated,
G00289BZ,,,,FAILED,no_structure_generated,
G00292WZ,,,,FAILED,no_structure_generated,
G00293RF,,,,FAILED,no_structure_generated,
G00294BL,library_mirror,,wurcs_match_G38100FX,RECOVERED,,data/raw/glycoshape/structures/G00294BL/G00294BL.pdb
G00295EO,,,,FAILED,no_structure_generated,
G00298HY,original,,,RECOVERED,,data/raw/glycoshape/structures/G00298HY/G00298HY.pdb
G00303MN,,,,FAILED,no_structure_generated,
G00304VG,,,,FAILED,no_structure_generated,
G00306VT,original,,,RECOVERED,,data/raw/glycoshape/structures/G00306VT/G00306VT.pdb
G00309FB,,,,FAILED,no_structure_generated,
G00311MF,,,,FAILED,no_structure_generated,
G00312DZ,,,,FAILED,no_structure_generated,
G00312KF,,,,FAILED,no_structure_generated,
G00314AH,original,,,RECOVERED,,data/raw/glycoshape/structures/G00314AH/G00314AH.pdb
G00315MF,,,,FAILED,no_structure_generated,
G00317YB,library_mirror,,wurcs_match_G87310CB,RECOVERED,,data/raw/glycoshape/structures/G00317YB/G00317YB.pdb
G00318AV,,,,FAILED,no_structure_generated,
G00320ZP,original,,,RECOVERED,,data/raw/glycoshape/structures/G00320ZP/G00320ZP.pdb
G00321OQ,library_mirror,,wurcs_match_G00454PR,RECOVERED,,data/raw/glycoshape/structures/G00321OQ/G00321OQ.pdb
G00325UK,,,,FAILED,no_structure_generated,
G00328CG,,,,FAILED,no_structure_generated,
G00334ID,,,,FAILED,no_structure_generated,
G00335JE,,,,FAILED,no_structure_generated,
G00336QV,,,,FAILED,no_structure_generated,
G00345WI,,,,FAILED,no_structure_generated,
G00353VY,,,,FAILED,no_structure_generated,
G00362UY,original,,,RECOVERED,,data/raw/glycoshape/structures/G00362UY/G00362UY.pdb
G00364PS,,,,FAILED,no_structure_generated,
G00367LU,,,,FAILED,no_structure_generated,
G00367NK,,,,FAILED,no_structure_generated,
G00369GT,,,,FAILED,no_structure_generated,
G00370EI,original,,,RECOVERED,,data/raw/glycoshape/structures/G00370EI/G00370EI.pdb
G00377EE,,,,FAILED,no_structure_generated,
G00379PJ,,,,FAILED,no_structure_generated,
G00380ZN,original,,,RECOVERED,,data/raw/glycoshape/structures/G00380ZN/G00380ZN.pdb
G00383OI,,,,FAILED,no_structure_generated,
G00386TY,library_mirror,,wurcs_match_G99460PJ,RECOVERED,,data/raw/glycoshape/structures/G00386TY/G00386TY.pdb
G00390EC,,,,FAILED,no_structure_generated,
G00393YJ,,,,FAILED,no_structure_generated,
G00395TQ,original,,,RECOVERED,,data/raw/glycoshape/structures/G00395TQ/G00395TQ.pdb
G00399VS,,,,FAILED,no_structure_generated,
G00407NA,,,,FAILED,no_structure_generated,
G00411DN,,,,FAILED,no_structure_generated,
G00412OQ,,,,FAILED,no_structure_generated,
G00413UF,original,,,RECOVERED,,data/raw/glycoshape/structures/G00413UF/G00413UF.pdb
G00415WM,,,,FAILED,no_structure_generated,
G00430ZK,original,,,RECOVERED,,data/raw/glycoshape/structures/G00430ZK/G00430ZK.pdb
G00435KX,original,,,RECOVERED,,data/raw/glycoshape/structures/G00435KX/G00435KX.pdb
G00438EF,,,,FAILED,no_structure_generated,
G00446UY,library_mirror,,wurcs_match_G96504QH,RECOVERED,,data/raw/glycoshape/structures/G00446UY/G00446UY.pdb
G00457KD,original,,,RECOVERED,,data/raw/glycoshape/structures/G00457KD/G00457KD.pdb
G00459HM,original,,,RECOVERED,,data/raw/glycoshape/structures/G00459HM/G00459HM.pdb
G00467QU,original,,,RECOVERED,,data/raw/glycoshape/structures/G00467QU/G00467QU.pdb
G00468DW,,,,FAILED,no_structure_generated,
G00468NI,original,,,RECOVERED,,data/raw/glycoshape/structures/G00468NI/G00468NI.pdb
G00480KJ,library_mirror,,wurcs_match_G45598BE,RECOVERED,,data/raw/glycoshape/structures/G00480KJ/G00480KJ.pdb
G00492UK,,,,FAILED,no_structure_generated,
G00520NI,original,,,RECOVERED,,data/raw/glycoshape/structures/G00520NI/G00520NI.pdb
G00531DC,,,,FAILED,no_structure_generated,
G00531ZU,original,,,RECOVERED,,data/raw/glycoshape/structures/G00531ZU/G00531ZU.pdb
G00547QA,,,,FAILED,no_structure_generated,
G00561ZC,,,,FAILED,no_structure_generated,
G00580UZ,,,,FAILED,no_structure_generated,
G00594BA,,,,FAILED,no_structure_generated,
G00597FE,original,,,RECOVERED,,data/raw/glycoshape/structures/G00597FE/G00597FE.pdb
G00606LX,original,,,RECOVERED,,data/raw/glycoshape/structures/G00606LX/G00606LX.pdb
G00610NG,,,,FAILED,no_structure_generated,
G00620EJ,,,,FAILED,no_structure_generated,
G00641IA,,,,FAILED,no_structure_generated,
G00647RA,original,,,RECOVERED,,data/raw/glycoshape/structures/G00647RA/G00647RA.pdb
G00659BW,,,,FAILED,no_structure_generated,
G00659GQ,original,,,RECOVERED,,data/raw/glycoshape/structures/G00659GQ/G00659GQ.pdb
G00672PE,original,,,RECOVERED,,data/raw/glycoshape/structures/G00672PE/G00672PE.pdb
G00686DC,,,,FAILED,no_structure_generated,
G00691LW,original,,,RECOVERED,,data/raw/glycoshape/structures/G00691LW/G00691LW.pdb
G00691NS,,,,FAILED,no_structure_generated,
G00709CF,,,,FAILED,no_structure_generated,
G00720XU,original,,,RECOVERED,,data/raw/glycoshape/structures/G00720XU/G00720XU.pdb
G00721OO,,,,FAILED,no_structure_generated,
G00728SN,original,,,RECOVERED,,data/raw/glycoshape/structures/G00728SN/G00728SN.pdb
G00738CM,,,,FAILED,no_structure_generated,
G00743WU,original,,,RECOVERED,,data/raw/glycoshape/structures/G00743WU/G00743WU.pdb
G00767OE,original,,,RECOVERED,,data/raw/glycoshape/structures/G00767OE/G00767OE.pdb
G00780DF,,,,FAILED,no_structure_generated,
G00782OI,,,,FAILED,no_structure_generated,
G00793IQ,library_mirror,,wurcs_match_G80753ZP,RECOVERED,,data/raw/glycoshape/structures/G00793IQ/G00793IQ.pdb
G00797ZX,original,,,RECOVERED,,data/raw/glycoshape/structures/G00797ZX/G00797ZX.pdb
G00805GL,,,,FAILED,no_structure_generated,
G00805TZ,original,,,RECOVERED,,data/raw/glycoshape/structures/G00805TZ/G00805TZ.pdb
G00810OX,,,,FAILED,no_structure_generated,
G00816JK,,,,FAILED,no_structure_generated,
G00835ME,,,,FAILED,no_structure_generated,
G00886XN,,,,FAILED,no_structure_generated,
G00912HJ,,,,FAILED,no_structure_generated,
G00917AT,,,,FAILED,no_structure_generated,
G00919CG,,,,FAILED,no_structure_generated,
G00928TR,original,,,RECOVERED,,data/raw/glycoshape/structures/G00928TR/G00928TR.pdb
G00933AQ,,,,FAILED,no_structure_generated,
G00933ZB,,,,FAILED,no_structure_generated,
G00944VQ,,,,FAILED,no_structure_generated,
G00973MH,,,,FAILED,no_structure_generated,
G00980CW,,,,FAILED,no_structure_generated,
G00992AB,,,,FAILED,no_structure_generated,
G00997XV,,,,FAILED,no_structure_generated,
G00999BL,,,,FAILED,no_structure_generated,
G01001AO,,,,FAILED,no_structure_generated,
G01028ZR,,,,FAILED,no_structure_generated,
G01035KM,,,,FAILED,no_structure_generated,
G01036RC,,,,FAILED,no_structure_generated,
G01040ZV,original,,,RECOVERED,,data/raw/glycoshape/structures/G01040ZV/G01040ZV.pdb
G01046SL,,,,FAILED,no_structure_generated,
G01080UV,,,,FAILED,no_structure_generated,
G01103GR,library_mirror,,wurcs_match_G76789ES,RECOVERED,,data/raw/glycoshape/structures/G01103GR/G01103GR.pdb
G01128EJ,,,,FAILED,no_structure_generated,
G01159VU,,,,FAILED,no_structure_generated,
G01169PP,,,,FAILED,no_structure_generated,
G01188EJ,original,,,RECOVERED,,data/raw/glycoshape/structures/G01188EJ/G01188EJ.pdb
G01190UO,,,,FAILED,no_structure_generated,
G01204QQ,library_mirror,,wurcs_match_G08126ZF,RECOVERED,,data/raw/glycoshape/structures/G01204QQ/G01204QQ.pdb
G01210TO,,,,FAILED,no_structure_generated,
G01245TU,original,,,RECOVERED,,data/raw/glycoshape/structures/G01245TU/G01245TU.pdb
G01268QD,original,,,RECOVERED,,data/raw/glycoshape/structures/G01268QD/G01268QD.pdb
G01307KX,,,,FAILED,no_structure_generated,
G01309BG,original,,,RECOVERED,,data/raw/glycoshape/structures/G01309BG/G01309BG.pdb
G01325JQ,,,,FAILED,no_structure_generated,
G01376ME,,,,FAILED,no_structure_generated,
G01398DS,,,,FAILED,no_structure_generated,
G01398WA,original,,,RECOVERED,,data/raw/glycoshape/structures/G01398WA/G01398WA.pdb
G01422TD,,,,FAILED,no_structure_generated,
G01435GL,original,,,RECOVERED,,data/raw/glycoshape/structures/G01435GL/G01435GL.pdb
G01436RC,,,,FAILED,no_structure_generated,
G01441OY,,,,FAILED,no_structure_generated,
G01443HE,,,,FAILED,no_structure_generated,
G01445XB,,,,FAILED,no_structure_generated,
G01458TU,,,,FAILED,no_structure_generated,
G01468LH,,,,FAILED,no_structure_generated,
G01471RQ,,,,FAILED,no_structure_generated,
G01482QA,,,,FAILED,no_structure_generated,
G01493QF,,,,FAILED,no_structure_generated,
G01502XI,,,,FAILED,no_structure_generated,
G01516VZ,,,,FAILED,no_structure_generated,
G01531TJ,,,,FAILED,no_structure_generated,
G01550VL,library_mirror,,wurcs_match_G75592IR,RECOVERED,,data/raw/glycoshape/structures/G01550VL/G01550VL.pdb
G01556OR,ambiguity_expansion,r2,anomer_a;position_4,RECOVERED,,data/raw/glycoshape/ambiguity_expansion/G01556OR/r2.pdb
G01563CJ,,,,FAILED,no_structure_generated,
G01564CF,,,,FAILED,no_structure_generated,
G01581BT,,,,FAILED,no_structure_generated,
G01596RB,,,,FAILED,no_structure_generated,
G01597YF,,,,FAILED,no_structure_generated,
G01606ZZ,,,,FAILED,no_structure_generated,
G01609OP,,,,FAILED,no_structure_generated,
G01614OK,,,,FAILED,no_structure_generated,
G01617IR,,,,FAILED,no_structure_generated,
G01629KW,,,,FAILED,no_structure_generated,
G01640EG,,,,FAILED,no_structure_generated,
G01662JH,,,,FAILED,no_structure_generated,
G01681JD,,,,FAILED,no_structure_generated,
G01701DY,,,,FAILED,no_structure_generated,
G01707CR,,,,FAILED,no_structure_generated,
G01715ML,,,,FAILED,no_structure_generated,
G01722HI,original,,,RECOVERED,,data/raw/glycoshape/structures/G01722HI/G01722HI.pdb
G01724NZ,original,,,RECOVERED,,data/raw/glycoshape/structures/G01724NZ/G01724NZ.pdb
G01747ZC,,,,FAILED,no_structure_generated,
G01750EG,,,,FAILED,no_structure_generated,
G01786FS,,,,FAILED,no_structure_generated,
G01799OP,,,,FAILED,no_structure_generated,
G01814FW,,,,FAILED,no_structure_generated,
G01819ZN,,,,FAILED,no_structure_generated,
G01821FN,original,,,RECOVERED,,data/raw/glycoshape/structures/G01821FN/G01821FN.pdb
G01830ND,,,,FAILED,no_structure_generated,
G01853SM,,,,FAILED,no_structure_generated,
G01854WM,original,,,RECOVERED,,data/raw/glycoshape/structures/G01854WM/G01854WM.pdb
G01871TT,,,,FAILED,no_structure_generated,
G01874GP,,,,FAILED,no_structure_generated,
G01875SI,,,,FAILED,no_structure_generated,
G01878VC,library_mirror,,wurcs_match_G38695WE,RECOVERED,,data/raw/glycoshape/structures/G01878VC/G01878VC.pdb
G01886BJ,,,,FAILED,no_structure_generated,
G01898JF,,,,FAILED,no_structure_generated,
G01920IZ,,,,FAILED,no_structure_generated,
G01937CO,,,,FAILED,no_structure_generated,
G01991WA,,,,FAILED,no_structure_generated,
G02006IV,,,,FAILED,no_structure_generated,
G02006QG,,,,FAILED,no_structure_generated,
G02029VI,,,,FAILED,no_structure_generated,
G02048AA,,,,FAILED,no_structure_generated,
G02073FK,,,,FAILED,no_structure_generated,
G02076ED,,,,FAILED,no_structure_generated,
G02123VE,ambiguity_expansion,r1,anomer_a;position_3,RECOVERED,,data/raw/glycoshape/ambiguity_expansion/G02123VE/r1.pdb
G02177KX,,,,FAILED,no_structure_generated,
G02197FE,,,,FAILED,no_structure_generated,
G02199GK,original,,,RECOVERED,,data/raw/glycoshape/structures/G02199GK/G02199GK.pdb
G02238PK,,,,FAILED,no_structure_generated,
G02299LJ,,,,FAILED,no_structure_generated,
G02336TT,,,,FAILED,no_structure_generated,
G02353KU,original,,,RECOVERED,,data/raw/glycoshape/structures/G02353KU/G02353KU.pdb
G02366FJ,,,,FAILED,no_structure_generated,
G02374QK,,,,FAILED,no_structure_generated,
G02379LL,,,,FAILED,no_structure_generated,
G02393LQ,,,,FAILED,no_structure_generated,
G02404AA,,,,FAILED,no_structure_generated,
G02407RG,,,,FAILED,no_structure_generated,
G02407SN,,,,FAILED,no_structure_generated,
G02416YM,,,,FAILED,no_structure_generated,
G02461US,,,,FAILED,no_structure_generated,
G02500LL,,,,FAILED,no_structure_generated,
G02510LJ,,,,FAILED,no_structure_generated,
G02534CO,,,,FAILED,no_structure_generated,
G02601XY,,,,FAILED,no_structure_generated,
G02620FP,,,,FAILED,no_structure_generated,
G02656SU,,,,FAILED,no_structure_generated,
G02660UC,original,,,RECOVERED,,data/raw/glycoshape/structures/G02660UC/G02660UC.pdb
G02661NS,,,,FAILED,no_structure_generated,
G02672MN,original,,,RECOVERED,,data/raw/glycoshape/structures/G02672MN/G02672MN.pdb
G02776VD,,,,FAILED,no_structure_generated,
G02802RW,,,,FAILED,no_structure_generated,
G02858SE,,,,FAILED,no_structure_generated,
G02961HF,,,,FAILED,no_structure_generated,
G02976TL,,,,FAILED,no_structure_generated,
G03000TP,,,,FAILED,no_structure_generated,
G03005UZ,,,,FAILED,no_structure_generated,
G03012NT,,,,FAILED,no_structure_generated,
G03013GB,,,,FAILED,no_structure_generated,
G03016BW,original,,,RECOVERED,,data/raw/glycoshape/structures/G03016BW/G03016BW.pdb
G03026WT,,,,FAILED,no_structure_generated,
G03041DK,,,,FAILED,no_structure_generated,
G03131ZX,,,,FAILED,no_structure_generated,
G03134VN,,,,FAILED,no_structure_generated,
G03144TK,,,,FAILED,no_structure_generated,
G03157QO,,,,FAILED,no_structure_generated,
G03214KE,,,,FAILED,no_structure_generated,
G03227ZS,,,,FAILED,no_structure_generated,
G03246MZ,,,,FAILED,no_structure_generated,
G03264JE,original,,,RECOVERED,,data/raw/glycoshape/structures/G03264JE/G03264JE.pdb
G03309VN,,,,FAILED,no_structure_generated,
G03310MH,,,,FAILED,no_structure_generated,
G03337HL,original,,,RECOVERED,,data/raw/glycoshape/structures/G03337HL/G03337HL.pdb
G03367CC,,,,FAILED,no_structure_generated,
G03372SG,,,,FAILED,no_structure_generated,
G03388EG,,,,FAILED,no_structure_generated,
G03446NC,,,,FAILED,no_structure_generated,
G03460DX,library_mirror,,wurcs_match_G76001GO,RECOVERED,,data/raw/glycoshape/structures/G03460DX/G03460DX.pdb
G03466MC,,,,FAILED,no_structure_generated,
G03477WG,,,,FAILED,no_structure_generated,
G03620PH,,,,FAILED,no_structure_generated,
G03622KA,,,,FAILED,no_structure_generated,
G03807GP,original,,,RECOVERED,,data/raw/glycoshape/structures/G03807GP/G03807GP.pdb
G03887RO,,,,FAILED,no_structure_generated,
G03895OL,,,,FAILED,no_structure_generated,
G03929WZ,original,,,RECOVERED,,data/raw/glycoshape/structures/G03929WZ/G03929WZ.pdb
G03977FN,,,,FAILED,no_structure_generated,
G04027DQ,,,,FAILED,no_structure_generated,
G04078FZ,,,,FAILED,no_structure_generated,
G04180RY,,,,FAILED,no_structure_generated,
G04200ZZ,,,,FAILED,no_structure_generated,
G04419LJ,,,,FAILED,no_structure_generated,
G04436ZP,,,,FAILED,no_structure_generated,
G04495IN,,,,FAILED,no_structure_generated,
G04539FT,,,,FAILED,no_structure_generated,
G04551OI,,,,FAILED,no_structure_generated,
G04692NT,,,,FAILED,no_structure_generated,
G04716CS,,,,FAILED,no_structure_generated,
G04791TC,,,,FAILED,no_structure_generated,
G04809YA,,,,FAILED,no_structure_generated,
G04900FM,,,,FAILED,no_structure_generated,
G04904PD,,,,FAILED,no_structure_generated,
G04928JV,original,,,RECOVERED,,data/raw/glycoshape/structures/G04928JV/G04928JV.pdb
G04962CQ,,,,FAILED,no_structure_generated,
G05143GV,ambiguity_expansion,v1,anomer_resolved_a,RECOVERED,,data/raw/glycoshape/ambiguity_expansion/G05143GV/v1.pdb
G05169VJ,,,,FAILED,no_structure_generated,
G05217ZJ,,,,FAILED,no_structure_generated,
G05333GZ,,,,FAILED,no_structure_generated,
G05344HJ,,,,FAILED,no_structure_generated,
G05595XY,original,,,RECOVERED,,data/raw/glycoshape/structures/G05595XY/G05595XY.pdb
G05740LL,,,,FAILED,no_structure_generated,
G05757SN,,,,FAILED,no_structure_generated,
G05852EU,,,,FAILED,no_structure_generated,
G05856FA,,,,FAILED,no_structure_generated,
G05986SF,,,,FAILED,no_structure_generated,
G06023HH,,,,FAILED,no_structure_generated,
G06064GD,original,,,RECOVERED,,data/raw/glycoshape/structures/G06064GD/G06064GD.pdb
G06134KE,,,,FAILED,no_structure_generated,
G06257NP,,,,FAILED,no_structure_generated,
G06407VW,,,,FAILED,no_structure_generated,
G06446VW,,,,FAILED,no_structure_generated,
G06451AK,,,,FAILED,no_structure_generated,
G06632BP,,,,FAILED,no_structure_generated,
G06807SK,,,,FAILED,no_structure_generated,
G06874JB,,,,FAILED,no_structure_generated,
G06940RF,,,,FAILED,no_structure_generated,
G07056OA,,,,FAILED,no_structure_generated,
G07091HR,,,,FAILED,no_structure_generated,
G07174KI,,,,FAILED,no_structure_generated,
G07187YS,,,,FAILED,no_structure_generated,
G07348VU,,,,FAILED,no_structure_generated,
G07350LA,,,,FAILED,no_structure_generated,
G07363NS,,,,FAILED,no_structure_generated,
G07463OZ,original,,,RECOVERED,,data/raw/glycoshape/structures/G07463OZ/G07463OZ.pdb
G07467DX,,,,FAILED,no_structure_generated,
G07496OD,,,,FAILED,no_structure_generated,
G07567MF,,,,FAILED,no_structure_generated,
G07598WR,,,,FAILED,no_structure_generated,
G07648OL,,,,FAILED,no_structure_generated,
G07711NH,,,,FAILED,no_structure_generated,
G07893YP,,,,FAILED,no_structure_generated,
G08013EN,,,,FAILED,no_structure_generated,
G08085PB,,,,FAILED,no_structure_generated,
G08135JC,,,,FAILED,no_structure_generated,
G08203AK,original,,,RECOVERED,,data/raw/glycoshape/structures/G08203AK/G08203AK.pdb
G08281GV,,,,FAILED,no_structure_generated,
G08355EN,,,,FAILED,no_structure_generated,
G08385ZD,,,,FAILED,no_structure_generated,
G08680PT,,,,FAILED,no_structure_generated,
G08736CB,,,,FAILED,no_structure_generated,
G08839YG,,,,FAILED,no_structure_generated,
G08922JD,,,,FAILED,no_structure_generated,
G08925AX,,,,FAILED,no_structure_generated,
G08932YS,,,,FAILED,no_structure_generated,
G09053DC,,,,FAILED,no_structure_generated,
G09117JA,,,,FAILED,no_structure_generated,
G09141GO,,,,FAILED,no_structure_generated,
G09204WI,,,,FAILED,no_structure_generated,
G09261NZ,,,,FAILED,no_structure_generated,
G09318AI,,,,FAILED,no_structure_generated,
G09328SI,,,,FAILED,no_structure_generated,
G09368TK,,,,FAILED,no_structure_generated,
G09540HP,,,,FAILED,no_structure_generated,
G09548UE,,,,FAILED,no_structure_generated,
G09571JR,,,,FAILED,no_structure_generated,
G09625LB,,,,FAILED,no_structure_generated,
G09710IN,,,,FAILED,no_structure_generated,
G09783GH,,,,FAILED,no_structure_generated,
G09892JG,,,,FAILED,no_structure_generated,
G10096IE,,,,FAILED,no_structure_generated,
G10169YF,,,,FAILED,no_structure_generated,
G10236XQ,,,,FAILED,no_structure_generated,
G10293PS,,,,FAILED,no_structure_generated,
G10661EG,,,,FAILED,no_structure_generated,
G10698BL,,,,FAILED,no_structure_generated,
G10905GN,,,,FAILED,no_structure_generated,
G10977IR,,,,FAILED,no_structure_generated,
G11137JQ,,,,FAILED,no_structure_generated,
G11149YL,,,,FAILED,no_structure_generated,
G11179WH,,,,FAILED,no_structure_generated,
G11232OR,,,,FAILED,no_structure_generated,
G11262UC,,,,FAILED,no_structure_generated,
G11343FT,,,,FAILED,no_structure_generated,
G11366CE,,,,FAILED,no_structure_generated,
G11378GN,,,,FAILED,no_structure_generated,
G11435JC,,,,FAILED,no_structure_generated,
G11515CC,original,,,RECOVERED,,data/raw/glycoshape/structures/G11515CC/G11515CC.pdb
G11568DL,,,,FAILED,no_structure_generated,
G11632MZ,,,,FAILED,no_structure_generated,
G11667RT,,,,FAILED,no_structure_generated,
G11708TJ,,,,FAILED,no_structure_generated,
G11926FF,,,,FAILED,no_structure_generated,
G12360SD,,,,FAILED,no_structure_generated,
G12379MQ,,,,FAILED,no_structure_generated,
G12399EV,,,,FAILED,no_structure_generated,
G12460GN,,,,FAILED,no_structure_generated,
G12611FV,,,,FAILED,no_structure_generated,
G12613ZH,,,,FAILED,no_structure_generated,
G12744ML,,,,FAILED,no_structure_generated,
G12796TN,,,,FAILED,no_structure_generated,
G12828SG,,,,FAILED,no_structure_generated,
G12947IQ,,,,FAILED,no_structure_generated,
G12953RW,original,,,RECOVERED,,data/raw/glycoshape/structures/G12953RW/G12953RW.pdb
G12980PN,,,,FAILED,no_structure_generated,
G13056YR,,,,FAILED,no_structure_generated,
G13307DV,,,,FAILED,no_structure_generated,
G13433XL,original,,,RECOVERED,,data/raw/glycoshape/structures/G13433XL/G13433XL.pdb
G13539QL,,,,FAILED,no_structure_generated,
G13543EL,,,,FAILED,no_structure_generated,
G13641KC,,,,FAILED,no_structure_generated,
G13671EC,,,,FAILED,no_structure_generated,
G13943ZK,,,,FAILED,no_structure_generated,
G13958SU,,,,FAILED,no_structure_generated,
G14019YT,,,,FAILED,no_structure_generated,
G14151MD,,,,FAILED,no_structure_generated,
G14197WM,,,,FAILED,no_structure_generated,
G14251NX,,,,FAILED,no_structure_generated,
G14356NF,,,,FAILED,no_structure_generated,
G14466GC,,,,FAILED,no_structure_generated,
G14494PH,,,,FAILED,no_structure_generated,
G14673QN,,,,FAILED,no_structure_generated,
G14690TK,,,,FAILED,no_structure_generated,
G14705LW,,,,FAILED,no_structure_generated,
G14878DY,,,,FAILED,no_structure_generated,
G15117SB,,,,FAILED,no_structure_generated,
G15184HP,,,,FAILED,no_structure_generated,
G15475GN,,,,FAILED,no_structure_generated,
G15547LQ,,,,FAILED,no_structure_generated,
G15872ZO,,,,FAILED,no_structure_generated,
G15888SZ,,,,FAILED,no_structure_generated,
G16027AC,,,,FAILED,no_structure_generated,
G16119FR,,,,FAILED,no_structure_generated,
G16241GO,,,,FAILED,no_structure_generated,
G16269QM,,,,FAILED,no_structure_generated,
G16684MV,,,,FAILED,no_structure_generated,
G16869MJ,,,,FAILED,no_structure_generated,
G17136ZC,,,,FAILED,no_structure_generated,
G17164RY,,,,FAILED,no_structure_generated,
G17188SN,,,,FAILED,no_structure_generated,
G17509HO,,,,FAILED,no_structure_generated,
G17622IP,,,,FAILED,no_structure_generated,
G17638RK,,,,FAILED,no_structure_generated,
G17964VL,,,,FAILED,no_structure_generated,
G18223OD,,,,FAILED,no_structure_generated,
G18299DL,,,,FAILED,no_structure_generated,
G18431OT,,,,FAILED,no_structure_generated,
G18453UG,,,,FAILED,no_structure_generated,
G18593OX,,,,FAILED,no_structure_generated,
G18751WP,,,,FAILED,no_structure_generated,
G18884UL,,,,FAILED,no_structure_generated,
G18887KS,,,,FAILED,no_structure_generated,
G18968IB,,,,FAILED,no_structure_generated,
G19034GP,,,,FAILED,no_structure_generated,
G19208OK,original,,,RECOVERED,,data/raw/glycoshape/structures/G19208OK/G19208OK.pdb
G19261WT,,,,FAILED,no_structure_generated,
G19308IN,,,,FAILED,no_structure_generated,
G19577NS,,,,FAILED,no_structure_generated,
G19784ST,,,,FAILED,no_structure_generated,
G19835EV,,,,FAILED,no_structure_generated,
G20704RY,,,,FAILED,no_structure_generated,
G20781DS,,,,FAILED,no_structure_generated,
G20936MI,,,,FAILED,no_structure_generated,
G21197HK,,,,FAILED,no_structure_generated,
G21226AS,original,,,RECOVERED,,data/raw/glycoshape/structures/G21226AS/G21226AS.pdb
G21460EE,,,,FAILED,no_structure_generated,
G21890VM,library_mirror,,wurcs_match_G76001GO,RECOVERED,,data/raw/glycoshape/structures/G21890VM/G21890VM.pdb
G22169DO,,,,FAILED,no_structure_generated,
G22273IU,original,,,RECOVERED,,data/raw/glycoshape/structures/G22273IU/G22273IU.pdb
G22529DL,,,,FAILED,no_structure_generated,
G22793TW,,,,FAILED,no_structure_generated,
G22805BF,,,,FAILED,no_structure_generated,
G23102DX,,,,FAILED,no_structure_generated,
G23110MM,original,,,RECOVERED,,data/raw/glycoshape/structures/G23110MM/G23110MM.pdb
G23446JK,,,,FAILED,no_structure_generated,
G25326UC,,,,FAILED,no_structure_generated,
G26101XS,,,,FAILED,no_structure_generated,
G26200QM,,,,FAILED,no_structure_generated,
G26616XT,,,,FAILED,no_structure_generated,
G26693IX,,,,FAILED,no_structure_generated,
G27479YT,,,,FAILED,no_structure_generated,
G27933IV,,,,FAILED,no_structure_generated,
G28263AN,,,,FAILED,no_structure_generated,
G28460NM,,,,FAILED,no_structure_generated,
G28622ED,,,,FAILED,no_structure_generated,
G28917IT,,,,FAILED,no_structure_generated,
G29329PL,,,,FAILED,no_structure_generated,
G29364XU,,,,FAILED,no_structure_generated,
G29514CX,,,,FAILED,no_structure_generated,
G30467QE,,,,FAILED,no_structure_generated,
G30588ZL,,,,FAILED,no_structure_generated,
G30769NE,original,,,RECOVERED,,data/raw/glycoshape/structures/G30769NE/G30769NE.pdb
G30845HJ,,,,FAILED,no_structure_generated,
G31398AR,,,,FAILED,no_structure_generated,
G31484LG,,,,FAILED,no_structure_generated,
G31752BY,,,,FAILED,no_structure_generated,
G31807YT,,,,FAILED,no_structure_generated,
G31849SQ,,,,FAILED,no_structure_generated,
G32326CV,original,,,RECOVERED,,data/raw/glycoshape/structures/G32326CV/G32326CV.pdb
G32534WD,,,,FAILED,no_structure_generated,
G32635JL,original,,,RECOVERED,,data/raw/glycoshape/structures/G32635JL/G32635JL.pdb
G32692RT,original,,,RECOVERED,,data/raw/glycoshape/structures/G32692RT/G32692RT.pdb
G32724PG,,,,FAILED,no_structure_generated,
G32946QW,,,,FAILED,no_structure_generated,
G33390IV,,,,FAILED,no_structure_generated,
G33402HP,,,,FAILED,no_structure_generated,
G33580BG,original,,,RECOVERED,,data/raw/glycoshape/structures/G33580BG/G33580BG.pdb
G33644IB,,,,FAILED,no_structure_generated,
G34054UP,,,,FAILED,no_structure_generated,
G34507ZL,original,,,RECOVERED,,data/raw/glycoshape/structures/G34507ZL/G34507ZL.pdb
G34661PV,,,,FAILED,no_structure_generated,
G34984DX,,,,FAILED,no_structure_generated,
G35073UM,,,,FAILED,no_structure_generated,
G35894GI,,,,FAILED,no_structure_generated,
G37039EC,,,,FAILED,no_structure_generated,
G38484JT,original,,,RECOVERED,,data/raw/glycoshape/structures/G38484JT/G38484JT.pdb
G38554UR,,,,FAILED,no_structure_generated,
G39122DY,,,,FAILED,no_structure_generated,
G39226WS,,,,FAILED,no_structure_generated,
G39607RL,,,,FAILED,no_structure_generated,
G39666ZK,,,,FAILED,no_structure_generated,
G39768PW,,,,FAILED,no_structure_generated,
G39784EL,,,,FAILED,no_structure_generated,
G39803CQ,,,,FAILED,no_structure_generated,
G40353TF,,,,FAILED,no_structure_generated,
G40762DG,,,,FAILED,no_structure_generated,
G41275YG,,,,FAILED,no_structure_generated,
G41603RX,,,,FAILED,no_structure_generated,
G41665IV,,,,FAILED,no_structure_generated,
G42521ZV,,,,FAILED,no_structure_generated,
G43724HA,library_mirror,,wurcs_match_G76001GO,RECOVERED,,data/raw/glycoshape/structures/G43724HA/G43724HA.pdb
G43726KG,,,,FAILED,no_structure_generated,
G45191WA,original,,,RECOVERED,,data/raw/glycoshape/structures/G45191WA/G45191WA.pdb
G45957UA,,,,FAILED,no_structure_generated,
G46603AR,,,,FAILED,no_structure_generated,
G46614FU,,,,FAILED,no_structure_generated,
G47048RR,,,,FAILED,no_structure_generated,
G47325QT,library_mirror,,wurcs_match_G76001GO,RECOVERED,,data/raw/glycoshape/structures/G47325QT/G47325QT.pdb
G47888NW,,,,FAILED,no_structure_generated,
G49050TB,,,,FAILED,no_structure_generated,
G49433HH,library_mirror,,wurcs_match_G76001GO,RECOVERED,,data/raw/glycoshape/structures/G49433HH/G49433HH.pdb
G50850NI,original,,,RECOVERED,,data/raw/glycoshape/structures/G50850NI/G50850NI.pdb
G51028ME,,,,FAILED,no_structure_generated,
G51083UL,original,,,RECOVERED,,data/raw/glycoshape/structures/G51083UL/G51083UL.pdb
G52043MQ,,,,FAILED,no_structure_generated,
G52533OT,,,,FAILED,no_structure_generated,
G52960PW,,,,FAILED,no_structure_generated,
G53262UP,original,,,RECOVERED,,data/raw/glycoshape/structures/G53262UP/G53262UP.pdb
G53663HU,,,,FAILED,no_structure_generated,
G54393XJ,,,,FAILED,no_structure_generated,
G55367VK,,,,FAILED,no_structure_generated,
G55653DM,library_mirror,,wurcs_match_G76001GO,RECOVERED,,data/raw/glycoshape/structures/G55653DM/G55653DM.pdb
G55766WH,library_mirror,,wurcs_match_G76001GO,RECOVERED,,data/raw/glycoshape/structures/G55766WH/G55766WH.pdb
G55868YQ,,,,FAILED,no_structure_generated,
G55886OG,,,,FAILED,no_structure_generated,
G56070SP,,,,FAILED,no_structure_generated,
G58831FE,,,,FAILED,no_structure_generated,
G59232DO,,,,FAILED,no_structure_generated,
G60028VC,,,,FAILED,no_structure_generated,
G60107SI,,,,FAILED,no_structure_generated,
G60240GF,,,,FAILED,no_structure_generated,
G60304QT,,,,FAILED,no_structure_generated,
G60576UQ,,,,FAILED,no_structure_generated,
G60679DR,,,,FAILED,no_structure_generated,
G60920AR,library_mirror,,wurcs_match_G76001GO,RECOVERED,,data/raw/glycoshape/structures/G60920AR/G60920AR.pdb
G61026BS,library_mirror,,wurcs_match_G76001GO,RECOVERED,,data/raw/glycoshape/structures/G61026BS/G61026BS.pdb
G61646LF,,,,FAILED,no_structure_generated,
G62414BC,,,,FAILED,no_structure_generated,
G62462RE,,,,FAILED,no_structure_generated,
G62922ZW,,,,FAILED,no_structure_generated,
G63508TX,,,,FAILED,no_structure_generated,
G63541GJ,,,,FAILED,no_structure_generated,
G64791RY,,,,FAILED,no_structure_generated,
G64833CO,,,,FAILED,no_structure_generated,
G65061MW,library_mirror,,wurcs_match_G76001GO,RECOVERED,,data/raw/glycoshape/structures/G65061MW/G65061MW.pdb
G65174XS,,,,FAILED,no_structure_generated,
G65430IA,,,,FAILED,no_structure_generated,
G66057MG,original,,,RECOVERED,,data/raw/glycoshape/structures/G66057MG/G66057MG.pdb
G68188CV,,,,FAILED,no_structure_generated,
G68830PF,,,,FAILED,no_structure_generated,
G69032KQ,,,,FAILED,no_structure_generated,
G69408OO,,,,FAILED,no_structure_generated,
G71048ZS,,,,FAILED,no_structure_generated,
G72073QX,library_mirror,,wurcs_match_G76001GO,RECOVERED,,data/raw/glycoshape/structures/G72073QX/G72073QX.pdb
G73537ZQ,,,,FAILED,no_structure_generated,
G73667SL,,,,FAILED,no_structure_generated,
G73681CB,,,,FAILED,no_structure_generated,
G74076CJ,,,,FAILED,no_structure_generated,
G74620LG,,,,FAILED,no_structure_generated,
G74725RA,original,,,RECOVERED,,data/raw/glycoshape/structures/G74725RA/G74725RA.pdb
G75329TA,,,,FAILED,no_structure_generated,
G76018XN,,,,FAILED,no_structure_generated,
G76407KY,original,,,RECOVERED,,data/raw/glycoshape/structures/G76407KY/G76407KY.pdb
G76437DD,,,,FAILED,no_structure_generated,
G77642QQ,,,,FAILED,no_structure_generated,
G79453FK,,,,FAILED,no_structure_generated,
G79746FQ,,,,FAILED,no_structure_generated,
G80631ZD,,,,FAILED,no_structure_generated,
G80749VM,,,,FAILED,no_structure_generated,
G81533KY,library_mirror,,wurcs_match_G76001GO,RECOVERED,,data/raw/glycoshape/structures/G81533KY/G81533KY.pdb
G82468GK,,,,FAILED,no_structure_generated,
G82859FV,,,,FAILED,no_structure_generated,
G82865PP,,,,FAILED,no_structure_generated,
G82977FE,,,,FAILED,no_structure_generated,
G85092CX,,,,FAILED,no_structure_generated,
G85196CF,,,,FAILED,no_structure_generated,
G88108BY,,,,FAILED,no_structure_generated,
G88341KM,original,,,RECOVERED,,data/raw/glycoshape/structures/G88341KM/G88341KM.pdb
G88800FT,,,,FAILED,no_structure_generated,
G88869IJ,,,,FAILED,no_structure_generated,
G90448IH,,,,FAILED,no_structure_generated,
G92084YQ,,,,FAILED,no_structure_generated,
G94568RR,,,,FAILED,no_structure_generated,
G95717TY,,,,FAILED,no_structure_generated,
G96197DM,,,,FAILED,no_structure_generated,
G96881BQ,,,,FAILED,no_structure_generated,
G98029HI,,,,FAILED,no_structure_generated,
